SQL_ID,PARSING_SCHEMA_NAME,EXECUTIONS_TOTAL,ELAPSED_TIME_TOTAL,BUFFER_GETS_TOTAL,DISK_READS_TOTAL,ROWS_PROCESSED_TOTAL,LAST_ACTIVE_TIME,SQL_TEXT
80df365ee4db2,ETL_LOADER,28303,157789225,86776998,1754786,9481505,2026-05-06T03:31:00,SELECT * FROM WH_RPT.RPT_MEMBER_DASHBOARD WHERE refresh_dt >= :p
ef193e8415a58,BI_PROD,26995,193743115,52937195,3698315,6910720,2026-05-03T22:47:00,SELECT * FROM WH_RPT.RPT_MEMBER_DASHBOARD WHERE refresh_dt >= :p
bc106c645cac1,BI_DEV,26563,41836725,74057644,1540654,15751859,2026-05-04T18:30:00,SELECT * FROM WH_RPT.RPT_MEMBER_DASHBOARD WHERE refresh_dt >= :p
4b425fc6ef429,REPORTING_API,24677,158969234,71513946,3504134,11104650,2026-05-02T15:24:00,SELECT * FROM WH_RPT.RPT_MEMBER_DASHBOARD WHERE refresh_dt >= :p
21e4cb553dfda,REPORTING_API,23305,186300170,61851470,3682190,17269005,2026-05-06T01:29:00,SELECT * FROM WH_RPT.RPT_MEMBER_DASHBOARD WHERE refresh_dt >= :p
ec3cacedd8f93,ADHOC_USER,23081,94862910,21649978,3946851,12625307,2026-05-05T02:36:00,SELECT * FROM WH_RPT.RPT_MEMBER_DASHBOARD WHERE refresh_dt >= :p
fd48417d355f0,REPORTING_API,21592,161853632,58406360,1878504,4944568,2026-05-05T15:44:00,SELECT * FROM WH_RPT.RPT_ADVISER_BOOK_OF_BUSINESS WHERE refresh_dt >= :p
64671b2edea82,BI_DEV,18411,79406643,22424598,2135676,23971122,2026-05-04T07:26:00,SELECT * FROM WH_RPT.RPT_MEMBER_DASHBOARD WHERE refresh_dt >= :p
68c9be15ee143,REPORTING_API,16579,95030828,59767295,33158,23111126,2026-05-01T15:12:00,SELECT * FROM WH_RPT.RPT_ADVISER_BOOK_OF_BUSINESS WHERE refresh_dt >= :p
dfe3ccef61420,FINANCE_TEAM,16113,96355740,27633795,1482396,7250850,2026-05-03T23:16:00,SELECT * FROM WH_RPT.RPT_ADVISER_BOOK_OF_BUSINESS WHERE refresh_dt >= :p
121315fc1584e,REPORTING_API,15456,36213408,16847040,2936640,17774400,2026-05-05T08:00:00,SELECT * FROM WH_RPT.RPT_ADVISER_BOOK_OF_BUSINESS WHERE refresh_dt >= :p
f71271e076fc2,BI_DEV,14984,43873152,57238880,2172680,22041464,2026-05-03T21:54:00,SELECT * FROM WH_RPT.RPT_ADVISER_BOOK_OF_BUSINESS WHERE refresh_dt >= :p
f3ba131ef9511,ANALYST_TEAM,14592,81963264,46300416,2714112,20618496,2026-05-02T03:28:00,SELECT * FROM WH_RPT.RPT_PORTFOLIO_PERFORMANCE_DAILY WHERE refresh_dt >= :p
d773d23bb8262,RISK_TEAM,14275,63395275,52860325,3340350,18800175,2026-05-04T12:57:00,SELECT * FROM WH_RPT.RPT_ADVISER_BOOK_OF_BUSINESS WHERE refresh_dt >= :p
75b823ade927c,FINANCE_TEAM,12950,78800750,4403000,1269100,10126900,2026-05-05T03:19:00,SELECT * FROM WH_RPT.RPT_ADVISER_BOOK_OF_BUSINESS WHERE refresh_dt >= :p
31ef1f235f110,RISK_TEAM,12831,24943464,40738425,153972,2886975,2026-05-01T03:52:00,SELECT * FROM WH_RPT.RPT_ADVISER_BOOK_OF_BUSINESS WHERE refresh_dt >= :p
8be9e3b8c335d,ADHOC_USER,12680,65961360,2016120,355040,9433920,2026-05-06T22:51:00,SELECT * FROM WH_RPT.RPT_PORTFOLIO_PERFORMANCE_DAILY WHERE refresh_dt >= :p
23f3acdd9a0a0,REPORTING_API,11780,69007240,30898940,176700,14713220,2026-05-02T01:55:00,"SELECT date_key, COUNT(*) FROM WH_DW.FACT_HOLDING_DAILY WHERE date_key BETWEEN :s AND :e GROUP BY date_key"
6f22d7195d927,BI_DEV,11625,75155625,21331875,395250,10997250,2026-05-06T15:36:00,SELECT * FROM WH_DW.V_MEMBER_PRIMARY WHERE refresh_dt >= :p
99cb952b4039a,BI_PROD,11105,34158980,38267830,88840,7184935,2026-05-03T06:27:00,SELECT * FROM WH_RPT.RPT_MEMBER_DASHBOARD WHERE refresh_dt >= :p
4df46bd7f7630,BI_PROD,10781,34208113,39630956,1563245,1746522,2026-05-04T05:37:00,SELECT * FROM WH_RPT.RPT_PORTFOLIO_PERFORMANCE_DAILY WHERE refresh_dt >= :p
d8ea871380177,ANALYST_TEAM,10706,26251112,17247366,2087670,3543686,2026-05-01T04:23:00,SELECT * FROM WH_RPT.RPT_PORTFOLIO_PERFORMANCE_DAILY WHERE refresh_dt >= :p
113a5117481c7,ETL_LOADER,10666,52434056,991938,1962544,15721684,2026-05-02T00:17:00,SELECT * FROM WH_RPT.RPT_PORTFOLIO_PERFORMANCE_DAILY WHERE refresh_dt >= :p
6a58c74db7d8a,ETL_LOADER,10419,55825002,39779742,281313,13346739,2026-05-01T06:19:00,SELECT * FROM WH_RPT.RPT_PORTFOLIO_PERFORMANCE_DAILY WHERE refresh_dt >= :p
20ec18b3a2ee6,ANALYST_TEAM,10357,83622418,1688191,1646763,3241741,2026-05-04T03:29:00,SELECT * FROM WH_DW.V_MEMBER_PRIMARY WHERE refresh_dt >= :p
186064d8e441a,BI_DEV,9868,74986932,27127132,98680,631552,2026-05-04T09:47:00,SELECT * FROM WH_DW.V_MEMBER_PRIMARY WHERE refresh_dt >= :p
7121b1a58d960,FINANCE_TEAM,9679,33673241,30585640,2051948,8362656,2026-05-03T02:51:00,SELECT * FROM WH_DW.V_MEMBER_PRIMARY WHERE refresh_dt >= :p
feffac84cfea0,ETL_LOADER,9313,31394123,20870433,2076799,11576059,2026-05-01T13:13:00,SELECT * FROM WH_RPT.RPT_PORTFOLIO_PERFORMANCE_DAILY WHERE refresh_dt >= :p
e23f37969ed56,RISK_TEAM,9201,76147476,28210266,119613,12697380,2026-05-02T06:45:00,SELECT * FROM WH_RPT.RPT_FUND_FLOWS_WEEKLY WHERE refresh_dt >= :p
0e6863decbc33,RISK_TEAM,9068,12314344,28546064,1251384,970276,2026-05-06T00:39:00,SELECT * FROM WH_DW.V_MEMBER_PRIMARY WHERE refresh_dt >= :p
c151b5e4f60c1,BI_DEV,8963,66595090,20265343,1756748,2312454,2026-05-01T10:18:00,SELECT * FROM WH_RPT.RPT_PORTFOLIO_PERFORMANCE_DAILY WHERE refresh_dt >= :p
254a450ce3da8,BI_PROD,8921,19126624,32757912,588786,3265086,2026-05-03T04:35:00,SELECT * FROM WH_RPT.V_MEMBER_DASHBOARD WHERE refresh_dt >= :p
85f305bb5b16b,RISK_TEAM,8887,18129480,32473098,26661,10451112,2026-05-05T12:32:00,"SELECT date_key, COUNT(*) FROM WH_DW.FACT_HOLDING_DAILY WHERE date_key BETWEEN :s AND :e GROUP BY date_key"
997c8bd4e6781,ADHOC_USER,8633,55726015,18699078,880566,12017136,2026-05-03T18:47:00,SELECT * FROM WH_RPT.V_MEMBER_DASHBOARD WHERE refresh_dt >= :p
13fdd5ceda12f,REPORTING_API,8490,36549450,12055800,458460,7912680,2026-05-06T09:17:00,SELECT * FROM WH_DW.V_MEMBER_PRIMARY WHERE refresh_dt >= :p
b3da65027118b,FINANCE_TEAM,8472,41428080,32202072,957336,5159448,2026-05-04T09:23:00,"SELECT date_key, COUNT(*) FROM WH_DW.FACT_HOLDING_DAILY WHERE date_key BETWEEN :s AND :e GROUP BY date_key"
a503dbfbef33f,FINANCE_TEAM,8450,52102700,18370300,245050,6667050,2026-05-03T09:21:00,SELECT * FROM WH_RPT.V_MEMBER_DASHBOARD WHERE refresh_dt >= :p
3be225ccf3b24,ETL_LOADER,8354,52605138,18938518,50124,6741678,2026-05-01T15:23:00,SELECT * FROM WH_DW.V_MEMBER_PRIMARY WHERE refresh_dt >= :p
d2483cf2e8f5a,REPORTING_API,8218,12918696,2490054,1158738,4922582,2026-05-05T12:27:00,"SELECT date_key, COUNT(*) FROM WH_DW.FACT_HOLDING_DAILY WHERE date_key BETWEEN :s AND :e GROUP BY date_key"
80c0d9492a451,BI_PROD,7844,16378272,19790412,870684,5553552,2026-05-03T22:31:00,SELECT * FROM WH_RPT.V_MEMBER_DASHBOARD WHERE refresh_dt >= :p
b27a10755bd21,REPORTING_API,7827,12233601,23347941,868797,31308,2026-05-04T19:06:00,SELECT * FROM WH_RPT.V_MEMBER_DASHBOARD WHERE refresh_dt >= :p
1cfdf39fb80db,ADHOC_USER,7595,35947135,2779770,1291150,5141815,2026-05-04T17:12:00,SELECT * FROM WH_RPT.V_MEMBER_DASHBOARD WHERE refresh_dt >= :p
98d0dd8d29342,BI_DEV,7442,51431662,24141848,573034,10433684,2026-05-04T04:42:00,SELECT * FROM WH_DW.V_ACCOUNT_CURRENT WHERE refresh_dt >= :p
aa012584e4e51,ADHOC_USER,7239,48349281,20710779,1476756,6001131,2026-05-02T12:49:00,SELECT * FROM WH_DW.V_MEMBER_PRIMARY WHERE refresh_dt >= :p
ea32d631b7070,RISK_TEAM,7195,34593560,10612625,338165,762670,2026-05-01T14:50:00,"SELECT date_key, COUNT(*) FROM WH_DW.FACT_HOLDING_DAILY WHERE date_key BETWEEN :s AND :e GROUP BY date_key"
ddd292032509c,BI_PROD,7073,28603212,15999126,770957,9583915,2026-05-05T13:57:00,SELECT * FROM WH_DW.V_ACCOUNT_CURRENT WHERE refresh_dt >= :p
2f31ea5576f8b,BI_DEV,7065,56053710,2451555,720630,7121520,2026-05-01T12:33:00,"SELECT date_key, COUNT(*) FROM WH_DW.FACT_HOLDING_DAILY WHERE date_key BETWEEN :s AND :e GROUP BY date_key"
598d996660508,FINANCE_TEAM,6972,49201404,6219024,132468,8457036,2026-05-02T16:31:00,SELECT * FROM WH_DW.V_ACCOUNT_CURRENT WHERE refresh_dt >= :p
74c4177d72f13,ADHOC_USER,6518,16777332,16692598,1010290,9594496,2026-05-04T01:02:00,SELECT * FROM WH_DW.V_ACCOUNT_CURRENT WHERE refresh_dt >= :p
3dc1ee5d2bc44,BI_DEV,6487,51273248,25811773,1245504,3126734,2026-05-03T03:29:00,SELECT * FROM WH_RPT.V_ADVISER_BOOK_OF_BUSINESS WHERE refresh_dt >= :p
6573a6fa8d6ad,BI_DEV,6454,20846420,6454000,103264,4472622,2026-05-01T19:43:00,SELECT * FROM WH_RPT.RPT_FUND_FLOWS_WEEKLY WHERE refresh_dt >= :p
e71fe412f54c8,REPORTING_API,6440,43019200,13317920,347760,7116200,2026-05-04T06:01:00,SELECT * FROM WH_RPT.RPT_FUND_FLOWS_WEEKLY WHERE refresh_dt >= :p
2be1d56f17c18,FINANCE_TEAM,6424,13747360,14839440,366168,8524648,2026-05-04T16:59:00,"SELECT date_key, COUNT(*) FROM WH_DW.FACT_TRANSACTION WHERE date_key BETWEEN :s AND :e GROUP BY date_key"
166f8b8f60ee0,ANALYST_TEAM,6379,28475856,9083696,452909,912197,2026-05-06T16:33:00,SELECT * FROM WH_RPT.V_MEMBER_DASHBOARD WHERE refresh_dt >= :p
3a1a4f3a03760,BI_DEV,6379,36813209,20482969,676174,7922718,2026-05-04T03:14:00,"SELECT date_key, COUNT(*) FROM WH_DW.FACT_HOLDING_DAILY WHERE date_key BETWEEN :s AND :e GROUP BY date_key"
707846e9bc23f,ETL_LOADER,6334,15340948,21548268,912096,3946082,2026-05-06T08:22:00,"SELECT date_key, COUNT(*) FROM WH_DW.FACT_HOLDING_DAILY WHERE date_key BETWEEN :s AND :e GROUP BY date_key"
40bab08c2c6e6,RISK_TEAM,6301,13975618,12595699,1108976,3925523,2026-05-03T16:12:00,"SELECT date_key, COUNT(*) FROM WH_DW.FACT_TRANSACTION WHERE date_key BETWEEN :s AND :e GROUP BY date_key"
d31f8f7e5cf38,REPORTING_API,6296,9236232,6472288,459608,9116608,2026-05-01T14:41:00,"SELECT date_key, COUNT(*) FROM WH_DW.FACT_TRANSACTION WHERE date_key BETWEEN :s AND :e GROUP BY date_key"
f2643c0b747b3,ADHOC_USER,6131,7988693,21820229,656017,6155524,2026-05-06T04:11:00,SELECT * FROM WH_DW.V_ACCOUNT_CURRENT WHERE refresh_dt >= :p
08c92dd3c8be0,REPORTING_API,6051,35821920,1476444,1179945,2172309,2026-05-06T17:21:00,"SELECT date_key, COUNT(*) FROM WH_DW.FACT_ACCOUNT_DAILY_BALANCE WHERE date_key BETWEEN :s AND :e GROUP BY date_key"
81beb66e4d8c2,BI_DEV,5889,20752836,12902799,995241,7638033,2026-05-05T00:40:00,SELECT * FROM WH_RPT.V_ADVISER_BOOK_OF_BUSINESS WHERE refresh_dt >= :p
3e21d05bea8b1,RISK_TEAM,5661,22927050,9918072,481185,3724938,2026-05-05T22:06:00,"SELECT date_key, COUNT(*) FROM WH_DW.FACT_ACCOUNT_DAILY_BALANCE WHERE date_key BETWEEN :s AND :e GROUP BY date_key"
c6268930b9859,RISK_TEAM,5591,37370244,3063868,805104,2499177,2026-05-05T12:32:00,SELECT * FROM WH_DW.V_ACCOUNT_CURRENT WHERE refresh_dt >= :p
465b92ff231a9,RISK_TEAM,5574,19386372,4587402,830526,4977582,2026-05-01T01:18:00,"SELECT date_key, COUNT(*) FROM WH_DW.FACT_ACCOUNT_DAILY_BALANCE WHERE date_key BETWEEN :s AND :e GROUP BY date_key"
26f4173bd12cd,RISK_TEAM,5287,10156327,7232616,338368,3505281,2026-05-06T12:59:00,"SELECT date_key, COUNT(*) FROM WH_DW.FACT_ACCOUNT_DAILY_BALANCE WHERE date_key BETWEEN :s AND :e GROUP BY date_key"
e4cecee4a3a50,RISK_TEAM,5270,25411940,15003690,284580,5517690,2026-05-01T16:02:00,SELECT * FROM WH_RPT.V_ADVISER_BOOK_OF_BUSINESS WHERE refresh_dt >= :p
f93370fa8e666,ADHOC_USER,5217,23455632,15311895,391275,5926512,2026-05-02T07:29:00,SELECT * FROM WH_RPT.V_ADVISER_BOOK_OF_BUSINESS WHERE refresh_dt >= :p
e6797e95c99ea,FINANCE_TEAM,5158,34568916,14138078,490010,4631884,2026-05-03T09:53:00,SELECT * FROM WH_RPT.RPT_FUND_FLOWS_WEEKLY WHERE refresh_dt >= :p
2c66d07195604,FINANCE_TEAM,5126,39142136,12584330,794530,6873966,2026-05-04T13:37:00,SELECT * FROM WH_RPT.V_ADVISER_BOOK_OF_BUSINESS WHERE refresh_dt >= :p
80fd73336b4e7,BI_DEV,5114,33742172,9435330,460260,4438952,2026-05-05T21:15:00,SELECT * FROM WH_RPT.RPT_FUND_FLOWS_WEEKLY WHERE refresh_dt >= :p
0bf4fa6d36d93,REPORTING_API,5083,10598055,12453350,30498,3248037,2026-05-05T02:17:00,SELECT * FROM WH_DW.V_ACCOUNT_CURRENT WHERE refresh_dt >= :p
d552da57f0754,BI_DEV,5022,34305282,5202792,1185192,2721924,2026-05-01T19:02:00,"SELECT date_key, COUNT(*) FROM WH_DW.FACT_TRANSACTION WHERE date_key BETWEEN :s AND :e GROUP BY date_key"
ecf88eba71117,ANALYST_TEAM,5016,39159912,4489320,185592,255816,2026-05-03T10:15:00,SELECT * FROM WH_RPT.V_ADVISER_BOOK_OF_BUSINESS WHERE refresh_dt >= :p
405adc51f8023,ANALYST_TEAM,4975,12745950,8676400,616900,4905350,2026-05-05T21:32:00,SELECT * FROM WH_RPT.RPT_FEE_LEAKAGE WHERE refresh_dt >= :p
1f7431fe811f1,ANALYST_TEAM,4876,37189252,9834892,1004456,4066584,2026-05-01T13:56:00,SELECT * FROM WH_RPT.RPT_FUND_FLOWS_WEEKLY WHERE refresh_dt >= :p
b6c53899c0da0,ETL_LOADER,4870,13416850,6306650,267850,584400,2026-05-01T10:07:00,SELECT * FROM WH_RPT.RPT_FEE_LEAKAGE WHERE refresh_dt >= :p
8660f1607e8ce,BI_DEV,4846,12027772,436140,503984,4472858,2026-05-04T23:33:00,"SELECT date_key, COUNT(*) FROM WH_DW.FACT_TRANSACTION WHERE date_key BETWEEN :s AND :e GROUP BY date_key"
cf1da1a743993,FINANCE_TEAM,4663,26523144,16292522,0,2905049,2026-05-03T12:50:00,SELECT * FROM WH_RPT.V_ADVISER_BOOK_OF_BUSINESS WHERE refresh_dt >= :p
078271014ea03,BI_DEV,4576,6667232,16478176,384384,668096,2026-05-04T08:30:00,SELECT * FROM WH_RPT.RPT_FUND_FLOWS_WEEKLY WHERE refresh_dt >= :p
78d90cb4b8cf6,FINANCE_TEAM,4524,37481340,9893988,954564,13572,2026-05-05T15:21:00,"SELECT date_key, COUNT(*) FROM WH_DW.FACT_ACCOUNT_DAILY_BALANCE WHERE date_key BETWEEN :s AND :e GROUP BY date_key"
e49bb1e5ebc43,ADHOC_USER,4494,9792426,14030268,615678,6354516,2026-05-04T18:25:00,SELECT * FROM WH_DW.INT_MEMBER_360
9fb0b55c182fa,ETL_LOADER,4474,7981616,1449576,187908,2818620,2026-05-03T22:28:00,"SELECT date_key, COUNT(*) FROM WH_DW.FACT_TRANSACTION WHERE date_key BETWEEN :s AND :e GROUP BY date_key"
6213b426c23b7,FINANCE_TEAM,4472,29725384,17579432,433784,6207136,2026-05-04T18:37:00,SELECT * FROM WH_RPT.V_ADVISER_BOOK_OF_BUSINESS WHERE refresh_dt >= :p
91849ec8a8e5c,REPORTING_API,4456,16536216,4941704,262904,1105088,2026-05-01T19:06:00,SELECT * FROM WH_DW.INT_MEMBER_360
455b0d2f8c28e,REPORTING_API,4433,29430687,10914046,416702,4300010,2026-05-04T04:34:00,SELECT * FROM WH_DW.INT_MEMBER_360
343af277a2c9f,ANALYST_TEAM,4421,5561618,1635770,800201,5716353,2026-05-04T08:10:00,SELECT * FROM WH_RPT.RPT_FUND_FLOWS_WEEKLY WHERE refresh_dt >= :p
dcefce9e69ab3,FINANCE_TEAM,4410,18376470,11832030,1005480,4154220,2026-05-05T18:11:00,SELECT * FROM WH_DW.V_ACCOUNT_CURRENT WHERE refresh_dt >= :p
7ea74d073e5b8,BI_PROD,4329,19471842,13255398,372294,969696,2026-05-05T20:08:00,SELECT * FROM WH_RPT.RPT_FEE_LEAKAGE WHERE refresh_dt >= :p
8d329d8c2a8e1,BI_DEV,4321,24214884,4117913,557409,2350624,2026-05-05T19:42:00,SELECT * FROM WH_RPT.RPT_CHURN_ANALYSIS WHERE refresh_dt >= :p
83a85007b2e16,ANALYST_TEAM,4270,14377090,11891950,85400,1374940,2026-05-04T14:16:00,"SELECT date_key, COUNT(*) FROM WH_DW.FACT_TRANSACTION WHERE date_key BETWEEN :s AND :e GROUP BY date_key"
fc736063f6e3c,REPORTING_API,4224,8545152,14741760,206976,2563968,2026-04-30T23:45:00,SELECT * FROM WH_DW.INT_MEMBER_360
d8503b15274f1,FINANCE_TEAM,4150,30336500,9686100,348600,2992150,2026-05-03T01:08:00,SELECT * FROM WH_DW.INT_MEMBER_360
a983946dff26e,ADHOC_USER,4075,18630900,11903075,513450,2408325,2026-05-05T03:06:00,"SELECT date_key, COUNT(*) FROM WH_DW.FACT_ACCOUNT_DAILY_BALANCE WHERE date_key BETWEEN :s AND :e GROUP BY date_key"
dfc5799c003ab,BI_PROD,4022,7891164,5168270,225232,3334238,2026-05-01T20:38:00,SELECT * FROM WH_DW.INT_MEMBER_360
979807ab075cb,FINANCE_TEAM,3976,28694792,5566400,612304,2039688,2026-05-06T12:07:00,"SELECT date_key, COUNT(*) FROM WH_DW.FACT_ACCOUNT_DAILY_BALANCE WHERE date_key BETWEEN :s AND :e GROUP BY date_key"
c6d320d37e0f4,BI_PROD,3898,25500716,8942012,834172,120838,2026-05-05T20:16:00,SELECT * FROM WH_RPT.RPT_FEE_LEAKAGE WHERE refresh_dt >= :p
ac4a1a3bcbe67,ADHOC_USER,3824,6378432,1089840,569776,3736048,2026-05-06T06:22:00,SELECT * FROM WH_RPT.RPT_CHURN_ANALYSIS WHERE refresh_dt >= :p
a67399aa38ab5,ANALYST_TEAM,3752,25224696,13147008,825440,4423608,2026-05-05T22:04:00,"SELECT date_key, COUNT(*) FROM WH_DW.FACT_ACCOUNT_DAILY_BALANCE WHERE date_key BETWEEN :s AND :e GROUP BY date_key"
cbd303a7e0e7c,REPORTING_API,3708,10653084,10467684,678564,2387952,2026-05-03T08:37:00,SELECT * FROM WH_RPT.RPT_CHURN_ANALYSIS WHERE refresh_dt >= :p
71f106e17ed52,ETL_LOADER,3692,6815432,9510592,819624,2894528,2026-05-05T00:35:00,SELECT * FROM WH_DW.DIM_ACCOUNT WHERE current_flg = 'Y'
1f9642755a2f5,BI_PROD,3667,19655120,1496136,795739,1397127,2026-05-05T04:01:00,SELECT * FROM WH_RPT.RPT_CHURN_ANALYSIS WHERE refresh_dt >= :p
23b14e3a36f6e,BI_DEV,3611,6557576,14263450,816086,5113176,2026-05-06T20:22:00,SELECT * FROM WH_RPT.RPT_PRODUCT_HOLDINGS_SUMMARY WHERE refresh_dt >= :p
8ad2994a2e52d,REPORTING_API,3587,19007513,8217817,451962,3217539,2026-05-02T09:06:00,"SELECT date_key, COUNT(*) FROM WH_DW.FACT_TRANSACTION WHERE date_key BETWEEN :s AND :e GROUP BY date_key"
9c8fc5f3091b8,BI_DEV,3574,4560424,6994318,568266,4124396,2026-05-03T08:40:00,SELECT * FROM WH_RPT.RPT_CHURN_ANALYSIS WHERE refresh_dt >= :p
453d663b97888,REPORTING_API,3534,16486110,10365222,660858,4025226,2026-05-01T18:46:00,SELECT * FROM WH_RPT.RPT_FEE_LEAKAGE WHERE refresh_dt >= :p
6c090e5afde38,ANALYST_TEAM,3500,19575500,6709500,122500,3027500,2026-05-04T18:41:00,SELECT * FROM WH_RPT.RPT_FEE_LEAKAGE WHERE refresh_dt >= :p
648a819a9c371,BI_PROD,3428,8734544,5594496,0,2742400,2026-05-02T09:30:00,SELECT * FROM WH_RPT.RPT_FEE_LEAKAGE WHERE refresh_dt >= :p
173b8cd2ffe6d,ANALYST_TEAM,3396,24621000,7005948,237720,5039664,2026-05-04T18:42:00,SELECT * FROM WH_DW.INT_MEMBER_360
d5c4221cde8e3,RISK_TEAM,3366,10926036,12322926,794376,521730,2026-05-03T18:57:00,SELECT * FROM WH_RPT.RPT_FEE_LEAKAGE WHERE refresh_dt >= :p
0602c04518fd9,RISK_TEAM,3268,15581824,11313816,611116,3967352,2026-05-01T10:59:00,SELECT * FROM WH_DW.V_HOLDING_LATEST WHERE refresh_dt >= :p
47c27ef7be92c,BI_DEV,3142,14560028,8709624,468158,3638436,2026-05-06T12:09:00,SELECT * FROM WH_RPT.RPT_CHURN_ANALYSIS WHERE refresh_dt >= :p
0867cfb8e4995,FINANCE_TEAM,3126,7102272,8849706,515790,1922490,2026-05-03T22:29:00,SELECT * FROM WH_RPT.RPT_CHURN_ANALYSIS WHERE refresh_dt >= :p
e54b7bf43c162,FINANCE_TEAM,3036,25302024,8382396,118404,467544,2026-05-05T07:39:00,SELECT * FROM WH_DW.DIM_MEMBER WHERE current_flg = 'Y'
35820bbbcf3e0,ADHOC_USER,3005,8020345,3960590,9015,4360255,2026-05-04T08:53:00,SELECT * FROM WH_DW.INT_MEMBER_360
e93bc9f5b3307,RISK_TEAM,2930,17193240,7556470,501030,2276610,2026-05-04T04:25:00,SELECT * FROM WH_DW.V_HOLDING_LATEST WHERE refresh_dt >= :p
e14e90fa9b8ca,RISK_TEAM,2921,18162778,9983978,537464,3020314,2026-05-03T08:22:00,SELECT * FROM WH_RPT.V_PRODUCT_HOLDINGS_SUMMARY WHERE refresh_dt >= :p
9efd8d312bf52,ETL_LOADER,2878,13233044,7949036,71950,2886634,2026-05-02T04:34:00,SELECT * FROM WH_DW.DIM_DATE WHERE current_flg = 'Y'
f42aa1dfeaa1a,BI_DEV,2780,8681940,10324920,380860,772840,2026-05-05T15:18:00,SELECT * FROM WH_DW.DIM_DATE WHERE current_flg = 'Y'
e14413df70897,ANALYST_TEAM,2778,12520446,1586238,630606,3241926,2026-05-06T04:27:00,SELECT * FROM WH_RPT.RPT_CHURN_ANALYSIS WHERE refresh_dt >= :p
dfb3cd9b1b499,ANALYST_TEAM,2766,19594344,8109912,271068,2801958,2026-05-02T05:50:00,SELECT * FROM WH_RPT.V_PRODUCT_HOLDINGS_SUMMARY WHERE refresh_dt >= :p
9de2582e3a13d,ETL_LOADER,2707,19739444,9766856,327547,2495854,2026-05-01T21:15:00,SELECT * FROM WH_RPT.V_PRODUCT_HOLDINGS_SUMMARY WHERE refresh_dt >= :p
e6dd6e6028fc7,ETL_LOADER,2704,21056048,7922720,356928,2574208,2026-05-04T11:15:00,SELECT * FROM WH_RPT.V_PRODUCT_HOLDINGS_SUMMARY WHERE refresh_dt >= :p
53c4a8d2a7e2e,RISK_TEAM,2695,22020845,3802645,123970,2692305,2026-05-06T15:10:00,SELECT * FROM WH_DW.V_HOLDING_LATEST WHERE refresh_dt >= :p
699b28fcae385,BI_DEV,2661,18882456,10021326,202236,2764779,2026-05-03T09:17:00,SELECT * FROM WH_RPT.V_MEMBER_DASHBOARD WHERE refresh_dt >= :p
f3844528db07e,BI_PROD,2657,17724847,9102882,374637,1631398,2026-05-03T12:24:00,SELECT * FROM WH_RPT.RPT_PRODUCT_HOLDINGS_SUMMARY WHERE refresh_dt >= :p
12bab6861c726,ETL_LOADER,2652,17434248,7680192,2652,580788,2026-05-04T04:23:00,SELECT * FROM WH_RPT.V_PRODUCT_HOLDINGS_SUMMARY WHERE refresh_dt >= :p
8b9d15d2bbf6d,ANALYST_TEAM,2618,17951626,5314540,431970,3817044,2026-05-01T09:36:00,SELECT * FROM WH_DW.V_HOLDING_LATEST WHERE refresh_dt >= :p
431c126fd78b0,BI_PROD,2607,17868378,4163379,143385,2369763,2026-05-03T18:37:00,SELECT * FROM WH_DW.DIM_DATE WHERE current_flg = 'Y'
306e2fa32f3d7,ADHOC_USER,2585,16298425,7540445,261085,3440635,2026-05-03T22:38:00,SELECT * FROM WH_DW.DIM_ACCOUNT WHERE current_flg = 'Y'
705365634c37f,ANALYST_TEAM,2572,4889372,2746896,473248,2142476,2026-05-06T20:14:00,SELECT * FROM WH_DW.V_HOLDING_LATEST WHERE refresh_dt >= :p
66e1f0cee86ed,ADHOC_USER,2567,17178364,10185856,487730,3663109,2026-05-01T19:08:00,SELECT * FROM WH_DW.DIM_DATE WHERE current_flg = 'Y'
0e10e58c734d9,ANALYST_TEAM,2556,20460780,9988848,56232,1462032,2026-05-03T07:00:00,SELECT * FROM WH_DW.V_HOLDING_LATEST WHERE refresh_dt >= :p
bf146926b19b8,REPORTING_API,2519,19952999,226710,181368,3745753,2026-05-01T04:22:00,SELECT * FROM WH_DW.DIM_MEMBER WHERE current_flg = 'Y'
9502e2d81f0e3,RISK_TEAM,2503,9601508,9113423,120144,3576787,2026-05-02T16:00:00,SELECT * FROM WH_DW.DIM_MEMBER WHERE current_flg = 'Y'
e309956d39c9e,FINANCE_TEAM,2474,10791588,6922252,499748,3305264,2026-05-01T13:51:00,SELECT * FROM WH_DW.DIM_MEMBER WHERE current_flg = 'Y'
9023e465d038f,BI_DEV,2443,15647415,8438122,288274,3508148,2026-05-04T10:34:00,SELECT * FROM WH_DW.DIM_DATE WHERE current_flg = 'Y'
12ce5d882ae95,REPORTING_API,2441,9734708,2990225,549225,2980461,2026-05-02T22:07:00,SELECT * FROM WH_DW.V_HOLDING_LATEST WHERE refresh_dt >= :p
379d0986ac53a,ETL_LOADER,2434,11824372,5564124,299382,1720838,2026-05-01T09:18:00,SELECT * FROM WH_DW.DIM_MEMBER WHERE current_flg = 'Y'
1f20559c03aa2,BI_DEV,2390,5604550,633350,21510,1491360,2026-05-02T07:31:00,SELECT * FROM WH_DW.DIM_DATE WHERE current_flg = 'Y'
181c3fb7c6ad6,ETL_LOADER,2320,16729520,5143440,385120,1285280,2026-05-02T00:05:00,SELECT * FROM WH_DW.V_HOLDING_LATEST WHERE refresh_dt >= :p
c637b4bb4f832,ANALYST_TEAM,2312,18986144,7527872,242760,208080,2026-05-02T14:26:00,SELECT * FROM WH_DW.DIM_MEMBER WHERE current_flg = 'Y'
404aabaf99c0a,RISK_TEAM,2296,13130824,6819120,250264,2638104,2026-05-05T02:53:00,SELECT * FROM WH_RPT.RPT_PRODUCT_HOLDINGS_SUMMARY WHERE refresh_dt >= :p
bfce4e9fd6591,RISK_TEAM,2176,7087232,8242688,504832,228480,2026-05-03T22:55:00,SELECT * FROM WH_RPT.RPT_PRODUCT_HOLDINGS_SUMMARY WHERE refresh_dt >= :p
5d337c86f5f27,BI_PROD,2134,4767356,4560358,322234,1451120,2026-05-01T07:45:00,SELECT * FROM WH_DW.DIM_MEMBER WHERE current_flg = 'Y'
a1352c58063bb,FINANCE_TEAM,2089,4190534,6672266,338418,3012338,2026-05-05T22:20:00,SELECT * FROM WH_DW.DIM_ACCOUNT WHERE current_flg = 'Y'
90dbffc640c00,REPORTING_API,2078,12788012,1957476,380274,1460834,2026-05-03T20:38:00,SELECT * FROM WH_RPT.RPT_PRODUCT_HOLDINGS_SUMMARY WHERE refresh_dt >= :p
fdeea575cd637,BI_DEV,2031,6501231,3235383,146232,658044,2026-05-02T23:42:00,SELECT * FROM WH_RPT.RPT_PRODUCT_HOLDINGS_SUMMARY WHERE refresh_dt >= :p
42737de7af52b,BI_DEV,2028,11170224,7724652,235248,64896,2026-05-01T22:47:00,SELECT * FROM WH_DW.DIM_MEMBER WHERE current_flg = 'Y'
12e0c0b591c71,RISK_TEAM,1993,2800165,5215681,450418,2291950,2026-05-04T07:10:00,SELECT * FROM WH_DW.DIM_DATE WHERE current_flg = 'Y'
75e257ba5c691,REPORTING_API,1972,4229940,7343728,53244,2236248,2026-05-05T10:20:00,SELECT * FROM WH_RPT.RPT_PRODUCT_HOLDINGS_SUMMARY WHERE refresh_dt >= :p
2f4691eee5d89,REPORTING_API,1949,3042389,183206,165665,522332,2026-05-02T03:21:00,SELECT * FROM WH_RPT.RPT_PRODUCT_HOLDINGS_SUMMARY WHERE refresh_dt >= :p
e62461896fc5c,ANALYST_TEAM,1946,15723680,5236686,136220,2078328,2026-05-04T00:14:00,SELECT * FROM WH_RPT.V_PRODUCT_HOLDINGS_SUMMARY WHERE refresh_dt >= :p
51a57b6e5ed0d,BI_DEV,1936,9561904,1211936,396880,1843072,2026-05-04T02:58:00,SELECT * FROM WH_RPT.V_PRODUCT_HOLDINGS_SUMMARY WHERE refresh_dt >= :p
8536f87e4e8f4,RISK_TEAM,1928,11967096,6863680,377888,289200,2026-05-04T04:09:00,SELECT * FROM WH_RPT.V_PRODUCT_HOLDINGS_SUMMARY WHERE refresh_dt >= :p
0cfc59f7c28a1,FINANCE_TEAM,1922,11216792,5519984,388244,709218,2026-05-04T04:20:00,SELECT * FROM WH_DW.DIM_ACCOUNT WHERE current_flg = 'Y'
89ffbb0eadc44,RISK_TEAM,1857,6111387,5220027,3714,1769721,2026-05-04T01:39:00,SELECT * FROM WH_DW.DIM_PRODUCT WHERE current_flg = 'Y'
891175b0108fa,RISK_TEAM,1838,10985726,1224108,108442,1736910,2026-05-04T05:15:00,SELECT * FROM WH_DW.DIM_PRODUCT WHERE current_flg = 'Y'
6d681b80f8767,ETL_LOADER,1829,12592665,2388674,422499,109740,2026-05-01T21:51:00,SELECT * FROM WH_DW.DIM_ACCOUNT WHERE current_flg = 'Y'
13d4405132861,REPORTING_API,1792,2471168,6234368,301056,1453312,2026-05-03T14:13:00,SELECT * FROM WH_DW.DIM_PRODUCT WHERE current_flg = 'Y'
b0d61c16d8fa1,FINANCE_TEAM,1788,6783672,4732836,327204,1788000,2026-05-03T05:17:00,SELECT * FROM WH_DW.DIM_ACCOUNT WHERE current_flg = 'Y'
58a4ca5362088,ADHOC_USER,1785,3461115,5922630,180285,51765,2026-05-02T10:29:00,SELECT * FROM WH_DW.DIM_ADVISER WHERE current_flg = 'Y'
ab0c85c6d34cf,BI_PROD,1718,6189954,2659464,163210,1516994,2026-05-03T06:26:00,SELECT * FROM WH_DW.DIM_ACCOUNT WHERE current_flg = 'Y'
529a3e2eea895,ANALYST_TEAM,1697,10809890,4892451,398795,999533,2026-05-06T04:19:00,SELECT * FROM WH_DW.DIM_ACCOUNT WHERE current_flg = 'Y'
c4c938672d016,BI_DEV,1597,5019371,2622274,233162,1175392,2026-05-01T11:04:00,SELECT * FROM WH_DW.DIM_PRODUCT WHERE current_flg = 'Y'
4ee39a8c92cb6,ADHOC_USER,1544,11115256,954192,35512,934120,2026-05-06T13:54:00,SELECT * FROM WH_DW.DIM_ADVISER WHERE current_flg = 'Y'
e058ade1e9262,REPORTING_API,1510,7462420,5348420,116270,616080,2026-05-02T03:09:00,SELECT * FROM WH_DW.DIM_PRODUCT WHERE current_flg = 'Y'
228faf63ca625,BI_DEV,1498,7217364,5918598,131824,1803592,2026-05-05T03:52:00,SELECT * FROM WH_DW.DIM_PRODUCT WHERE current_flg = 'Y'
ca0d8868cef8a,BI_PROD,1485,9157995,4651020,188595,871695,2026-05-06T20:48:00,SELECT * FROM WH_DW.DIM_PRODUCT WHERE current_flg = 'Y'
d770394440799,REPORTING_API,1467,11740401,1104651,95355,1447929,2026-05-01T05:59:00,SELECT * FROM WH_DW.DIM_ADVISER WHERE current_flg = 'Y'
6ab3577d82409,BI_PROD,1467,3283146,4574106,156969,1581426,2026-05-03T22:33:00,SELECT * FROM WH_DW.DIM_FUND WHERE current_flg = 'Y'
a5a15bbcaf884,ETL_LOADER,1427,4058388,886167,286827,1576835,2026-05-02T05:33:00,SELECT * FROM WH_DW.DIM_ADVISER WHERE current_flg = 'Y'
981260b6a20c1,BI_DEV,1395,7025220,541260,50220,645885,2026-05-03T02:31:00,SELECT * FROM WH_DW.DIM_ADVISER WHERE current_flg = 'Y'
b8cb0692ef3b9,RISK_TEAM,1363,5750497,3864105,260333,1876851,2026-05-05T13:16:00,SELECT * FROM WH_DW.DIM_ADVISER WHERE current_flg = 'Y'
de69c493275ea,BI_DEV,1349,8552660,3678723,13490,853917,2026-05-05T09:40:00,SELECT * FROM WH_DW.DIM_ADVISER WHERE current_flg = 'Y'
eb804af3ec62a,FINANCE_TEAM,1330,10556210,3584350,319200,1012130,2026-05-03T23:25:00,SELECT * FROM WH_DW.DIM_ADVISER WHERE current_flg = 'Y'
a1ee0a3aa350b,ADHOC_USER,1263,3781422,3393681,60624,1606536,2026-05-04T08:10:00,SELECT * FROM WH_DW.DIM_PRODUCT WHERE current_flg = 'Y'
51c95176e2ab0,ANALYST_TEAM,1242,10193094,1943730,31050,1745010,2026-05-01T21:35:00,SELECT * FROM WH_DW.DIM_DATE WHERE current_flg = 'Y'
ffd6b195a5635,FINANCE_TEAM,1064,5967976,3342024,200032,1190616,2026-05-02T12:31:00,SELECT * FROM WH_RPT.V_FUND_FLOWS_WEEKLY WHERE refresh_dt >= :p
4c184717c24f2,FINANCE_TEAM,1035,5285745,107640,93150,633420,2026-05-06T17:40:00,SELECT * FROM WH_RPT.V_FUND_FLOWS_WEEKLY WHERE refresh_dt >= :p
82078b5b563d8,RISK_TEAM,987,2958039,1181439,109557,982065,2026-05-04T10:47:00,SELECT * FROM WH_RPT.V_FUND_FLOWS_WEEKLY WHERE refresh_dt >= :p
5a93d164c2088,REPORTING_API,927,4452381,368019,168714,543222,2026-05-04T05:41:00,SELECT * FROM WH_RPT.V_FUND_FLOWS_WEEKLY WHERE refresh_dt >= :p
25b669d646aa8,ANALYST_TEAM,891,7148493,1603800,88209,1066527,2026-05-06T06:00:00,SELECT * FROM WH_RPT.V_FUND_FLOWS_WEEKLY WHERE refresh_dt >= :p
548e0d83dcbbd,ANALYST_TEAM,821,5300376,2215879,124792,36124,2026-05-05T21:59:00,SELECT * FROM WH_DW.DIM_FUND WHERE current_flg = 'Y'
a71d386f0c3b5,ADHOC_USER,799,3051381,2985863,110262,132634,2026-05-03T20:49:00,SELECT * FROM WH_RPT.V_FUND_FLOWS_WEEKLY WHERE refresh_dt >= :p
405ad0f99ecf9,FINANCE_TEAM,788,3576732,1130780,108744,752540,2026-05-06T05:28:00,SELECT * FROM WH_RPT.V_FUND_FLOWS_WEEKLY WHERE refresh_dt >= :p
b05e634e2cf16,BI_PROD,777,3466197,940170,37296,195027,2026-05-02T21:04:00,SELECT * FROM WH_DW.DIM_FUND WHERE current_flg = 'Y'
a9110d0df362f,ANALYST_TEAM,749,3248413,2188578,29211,1083803,2026-05-05T05:49:00,SELECT * FROM WH_RPT.V_FUND_FLOWS_WEEKLY WHERE refresh_dt >= :p
cacd8d1e082d9,BI_DEV,717,4742955,2601276,4302,193590,2026-05-04T23:22:00,SELECT * FROM WH_DW.DIM_FUND WHERE current_flg = 'Y'
7043ea279f03d,RISK_TEAM,679,4393130,140553,10185,666099,2026-05-03T12:39:00,SELECT * FROM WH_DW.BRIDGE_MEMBER_ADVISER
5ffa21107a673,BI_DEV,671,5164687,1982134,19459,899811,2026-05-02T01:32:00,SELECT * FROM WH_DW.BRIDGE_MEMBER_ADVISER
d35ef07f8e478,REPORTING_API,664,5466048,446208,21912,735048,2026-05-06T22:14:00,SELECT * FROM WH_DW.DIM_FUND WHERE current_flg = 'Y'
68ed69b2bf279,BI_PROD,642,1840614,753066,89880,172698,2026-05-01T22:18:00,"SELECT date_key, COUNT(*) FROM WH_DW.FACT_FEE WHERE date_key BETWEEN :s AND :e GROUP BY date_key"
6e5b231b86551,ANALYST_TEAM,634,3132594,1481658,23458,498324,2026-05-01T14:04:00,"SELECT date_key, COUNT(*) FROM WH_DW.FACT_FEE WHERE date_key BETWEEN :s AND :e GROUP BY date_key"
24f3f10ad506f,ANALYST_TEAM,624,4904640,2272608,36816,419952,2026-05-04T14:26:00,SELECT * FROM WH_DW.DIM_FUND WHERE current_flg = 'Y'
0c3363ff0bfcf,BI_PROD,623,1704528,1372469,57316,794948,2026-05-02T06:10:00,"SELECT date_key, COUNT(*) FROM WH_DW.FACT_FEE WHERE date_key BETWEEN :s AND :e GROUP BY date_key"
0562e5d78625b,BI_DEV,618,3223488,1852146,143376,561762,2026-05-02T02:36:00,SELECT * FROM WH_DW.BRIDGE_MEMBER_ADVISER
f238cada41832,ANALYST_TEAM,614,1369834,2028042,88416,258494,2026-05-03T03:56:00,SELECT * FROM WH_DW.DIM_FUND WHERE current_flg = 'Y'
2f57692ee5cb2,ANALYST_TEAM,596,3589708,837976,2384,212772,2026-05-02T21:11:00,SELECT * FROM WH_DW.DIM_FUND WHERE current_flg = 'Y'
438cb601a0ad7,FINANCE_TEAM,553,3369429,1245909,41475,514290,2026-05-03T06:13:00,SELECT * FROM WH_DW.BRIDGE_MEMBER_ADVISER
2d01906d1b8f0,RISK_TEAM,534,1171596,105732,85974,665898,2026-05-01T23:22:00,"SELECT date_key, COUNT(*) FROM WH_DW.FACT_FEE WHERE date_key BETWEEN :s AND :e GROUP BY date_key"
e56e762f268f0,REPORTING_API,509,2907408,69224,71769,425524,2026-05-05T03:46:00,"SELECT date_key, COUNT(*) FROM WH_DW.FACT_FEE WHERE date_key BETWEEN :s AND :e GROUP BY date_key"
66f24c75a51c8,FINANCE_TEAM,490,2400510,1821330,28420,415520,2026-05-04T12:18:00,SELECT * FROM WH_DW.BRIDGE_MEMBER_ADVISER
7c2abb10f2268,RISK_TEAM,471,2294712,1538286,43332,495492,2026-05-06T05:39:00,SELECT * FROM WH_DW.BRIDGE_MEMBER_ADVISER
364eb10192e86,ANALYST_TEAM,468,2919384,120276,87048,631800,2026-05-01T19:35:00,SELECT * FROM WH_DW.BRIDGE_MEMBER_ADVISER
21a80bd907155,REPORTING_API,465,2496120,1380585,32085,395715,2026-05-01T06:55:00,"SELECT date_key, COUNT(*) FROM WH_DW.FACT_FEE WHERE date_key BETWEEN :s AND :e GROUP BY date_key"
6571f425e12ff,ADHOC_USER,450,2782350,309150,7200,116550,2026-05-06T00:57:00,SELECT * FROM WH_DW.BRIDGE_MEMBER_ADVISER
3efe524c78d7e,BI_DEV,434,2161320,1718206,13020,575918,2026-05-04T09:39:00,"SELECT date_key, COUNT(*) FROM WH_DW.FACT_FEE WHERE date_key BETWEEN :s AND :e GROUP BY date_key"
31a8827be71cc,ETL_LOADER,279,2309562,101835,19530,237150,2026-05-04T18:58:00,"SELECT date_key, COUNT(*) FROM WH_DW.FACT_FEE WHERE date_key BETWEEN :s AND :e GROUP BY date_key"
81e3032e9a114,REPORTING_API,130,325520,429650,23270,28860,2026-05-04T03:15:00,SELECT * FROM WH_RPT.RPT_REGULATORY_SUPER_RETURN WHERE refresh_dt >= :p
7afe7e585289a,REPORTING_API,121,958441,403777,26983,56507,2026-05-02T23:32:00,SELECT * FROM WH_RPT.RPT_REGULATORY_SUPER_RETURN WHERE refresh_dt >= :p
004c7620537c7,ANALYST_TEAM,105,869610,78225,21420,38115,2026-05-05T04:48:00,SELECT * FROM WH_RPT.RPT_REGULATORY_SUPER_RETURN WHERE refresh_dt >= :p
5ec06dca5236c,ETL_LOADER,105,759465,405930,8925,88620,2026-05-06T16:14:00,SELECT * FROM WH_RPT.RPT_REGULATORY_SUPER_RETURN WHERE refresh_dt >= :p
4df2d54997b44,RISK_TEAM,103,311266,92391,21527,97129,2026-05-06T12:26:00,SELECT * FROM WH_RPT.RPT_REGULATORY_SUPER_RETURN WHERE refresh_dt >= :p
75dabe52a5e58,ANALYST_TEAM,101,672963,50601,9090,115847,2026-05-04T13:39:00,SELECT * FROM WH_RPT.RPT_REGULATORY_SUPER_RETURN WHERE refresh_dt >= :p
f9b826928496b,ADHOC_USER,88,525448,206184,3256,77528,2026-05-06T13:10:00,SELECT * FROM WH_RPT.RPT_REGULATORY_SUPER_RETURN WHERE refresh_dt >= :p
215962063fbbf,REPORTING_API,87,364269,327294,20706,7134,2026-05-06T11:35:00,SELECT * FROM WH_RPT.RPT_REGULATORY_SUPER_RETURN WHERE refresh_dt >= :p
4e928a3134d12,REPORTING_API,57,283974,110067,513,6669,2026-05-06T02:45:00,SELECT * FROM WH_STG.V_MEMBER_CONFORMED WHERE refresh_dt >= :p
4512ffee77935,ADHOC_USER,56,136416,105336,952,53816,2026-05-03T06:45:00,SELECT * FROM WH_STG.V_MEMBER_CONFORMED WHERE refresh_dt >= :p
ee5fd3ac63693,RISK_TEAM,51,345729,197115,11475,59007,2026-05-01T16:19:00,SELECT * FROM WH_STG.V_MEMBER_CONFORMED WHERE refresh_dt >= :p
98af2b1850803,REPORTING_API,50,302200,15500,4500,52000,2026-05-03T12:19:00,SELECT * FROM WH_STG.V_MEMBER_CONFORMED WHERE refresh_dt >= :p
97164867bd95c,ANALYST_TEAM,47,95974,31913,3055,19035,2026-05-05T06:41:00,SELECT * FROM WH_STG.V_MEMBER_CONFORMED WHERE refresh_dt >= :p
aee345ecdd22f,ETL_LOADER,44,294272,25520,4620,31900,2026-05-03T05:00:00,INSERT  ... WH_STG.STG_MEMBER ...
471b63a23c0dd,BI_DEV,41,108691,163016,8077,52767,2026-05-05T05:16:00,SELECT * FROM WH_STG.V_MEMBER_CONFORMED WHERE refresh_dt >= :p
1c35c4e2082c0,ETL_LOADER,40,85720,69560,200,26640,2026-05-03T15:57:00,INSERT  ... WH_STG.STG_FUND_PRICE ...
7b7254ce0fb2e,ETL_LOADER,39,71916,66339,8658,24804,2026-04-30T23:56:00,INSERT  ... WH_STG.STG_FUND_PRICE ...
2b5d0e2731c68,BI_DEV,38,210748,82384,1862,27208,2026-05-01T03:37:00,SELECT * FROM WH_STG.V_MEMBER_CONFORMED WHERE refresh_dt >= :p
b4736ecacadff,ETL_LOADER,37,218189,64232,6697,48544,2026-05-02T01:47:00,MERGE  ... WH_STG.STG_FUND_PRICE ...
6e1c7f4ff1da7,ETL_LOADER,35,201495,11375,5250,40285,2026-05-05T11:29:00,INSERT  ... WH_STG.STG_MEMBER ...
df40a05629726,ETL_LOADER,34,282574,130254,6256,3604,2026-05-02T03:31:00,MERGE  ... WH_STG.STG_ACCOUNT ...
326435ad64562,ETL_LOADER,34,228514,14076,2346,30872,2026-05-06T09:25:00,INSERT  ... WH_STG.STG_HOLDING ...
b0cc3299bf0e5,ETL_LOADER,33,257796,60621,7128,37917,2026-05-04T09:15:00,INSERT  ... WH_STG.STG_ACCOUNT ...
74c4ec5475bbf,ETL_LOADER,33,99495,47652,6567,11385,2026-05-03T02:18:00,INSERT  ... WH_STG.STG_FUND_PRICE ...
bc2c944a0e91c,ETL_LOADER,32,256480,92928,7520,23744,2026-05-01T17:22:00,INSERT  ... WH_STG.STG_FUND_PRICE ...
0256533b029bd,ETL_LOADER,30,185640,116550,5040,42630,2026-05-06T15:50:00,MERGE  ... WH_STG.STG_TRANSACTION ...
ae5e26f2061a3,ETL_LOADER,30,226890,118080,4350,36660,2026-05-03T06:26:00,INSERT  ... WH_STG.STG_HOLDING ...
931af040eddaf,ETL_LOADER,29,235422,14877,1798,25897,2026-05-01T23:45:00,INSERT  ... WH_STG.STG_FUND_PRICE ...
c1197986c783e,ETL_LOADER,28,125048,49924,5208,5460,2026-05-01T19:10:00,MERGE  ... WH_STG.STG_MEMBER ...
e2dbe0ba52820,ETL_LOADER,28,105280,78512,1820,21476,2026-05-02T02:28:00,INSERT  ... WH_STG.STG_MEMBER ...
6df2d2f8eb242,ETL_LOADER,26,55666,83278,1846,30576,2026-05-02T18:38:00,INSERT  ... WH_STG.STG_ACCOUNT ...
894ea01add9cd,ETL_LOADER,25,43725,11325,5300,4375,2026-05-01T13:30:00,INSERT  ... WH_STG.STG_MEMBER ...
c393c3c63f9c1,ETL_LOADER,25,102000,12600,3675,26000,2026-05-03T09:41:00,INSERT  ... WH_STG.STG_ACCOUNT ...
222b2b95304eb,ETL_LOADER,25,99800,18100,2350,15975,2026-05-01T19:08:00,INSERT  ... WH_STG.STG_HOLDING ...
00dee3261238f,ETL_LOADER,24,47784,75096,4536,18336,2026-05-02T01:05:00,INSERT  ... WH_STG.STG_MEMBER ...
e6c715e1f4789,ETL_LOADER,24,157896,49320,1368,5328,2026-05-05T04:45:00,INSERT  ... WH_STG.STG_ACCOUNT ...
597b65964102b,ETL_LOADER,23,28750,18929,5106,6762,2026-05-02T23:09:00,INSERT  ... WH_STG.STG_TRANSACTION ...
01edf8052ace1,ETL_LOADER,22,58894,26378,3938,13926,2026-05-06T15:06:00,INSERT  ... WH_STG.STG_TRANSACTION ...
e402fd82223bb,ETL_LOADER,21,37170,13881,3969,27237,2026-05-02T09:34:00,INSERT  ... WH_STG.STG_TRANSACTION ...
5af42f5126340,ETL_LOADER,20,49480,14480,3860,25320,2026-05-06T08:39:00,INSERT  ... WH_STG.STG_HOLDING ...
34036607db5f5,ETL_LOADER,20,123460,37800,2120,11200,2026-05-01T10:23:00,MERGE  ... WH_STG.STG_FEE ...
27bb32d06b18d,ETL_LOADER,19,138928,42788,1045,14649,2026-05-05T21:57:00,MERGE  ... WH_STG.STG_HOLDING ...
bb28e364754de,ETL_LOADER,19,84303,48146,266,304,2026-05-04T10:48:00,INSERT  ... WH_STG.STG_FEE ...
5b92e30076d2f,ETL_LOADER,18,99288,50616,1404,1692,2026-05-01T10:08:00,INSERT  ... WH_STG.STG_FEE ...
0461eaaace24f,ETL_LOADER,17,36244,25381,1870,3876,2026-05-01T03:06:00,INSERT  ... WH_STG.STG_FEE ...
ee7d356a10b1c,ETL_LOADER,13,69329,35438,572,1053,2026-05-05T23:59:00,INSERT  ... WH_RAW.RAW_MEMBER_IOOF ...
5658aa8826be7,ETL_LOADER,12,90528,17580,2076,14700,2026-05-02T07:23:00,INSERT  ... WH_RAW.RAW_MEMBER_ANZW ...
62285be1bc1c6,ETL_LOADER,12,88356,37752,2400,11040,2026-05-03T17:12:00,MERGE  ... WH_RAW.RAW_TRANSACTION_FEED ...
508c9d11cff3b,ETL_LOADER,12,42420,5076,2340,3948,2026-05-05T12:58:00,INSERT  ... WH_RAW.RAW_FEE_FEED ...
f2363c3301152,ETL_LOADER,12,25320,39108,876,5844,2026-05-02T03:26:00,INSERT  ... WH_RAW.RAW_PENDAL_AUDIT_FEED ...
51fbb67e75a78,ETL_LOADER,11,48972,39699,2079,957,2026-05-06T03:20:00,MERGE  ... WH_STG.STG_MEMBER_ADVISER_LINK ...
f21773d102f68,ETL_LOADER,11,14883,21593,2585,1760,2026-05-01T23:53:00,INSERT  ... WH_STG.STG_MEMBER_ADVISER_LINK ...
9b0153bb7d794,ETL_LOADER,11,47839,21725,1628,12496,2026-05-01T04:33:00,INSERT  ... WH_RAW.RAW_MEMBER_MLC ...
3b920a40a1f31,ETL_LOADER,11,43230,4543,1639,14960,2026-05-05T05:57:00,INSERT  ... WH_RAW.RAW_MEMBER_PNDL ...
8b87cc67e8941,ETL_LOADER,11,72842,16049,2464,13926,2026-05-06T12:42:00,INSERT  ... WH_RAW.RAW_ACCOUNT_ANZW ...
f6c77638b68ec,ETL_LOADER,11,83314,18084,1408,11891,2026-05-03T18:04:00,MERGE  ... WH_RAW.RAW_HOLDING_FEED ...
26c5e5e28c424,ETL_LOADER,11,86801,9867,2255,13629,2026-05-05T02:45:00,INSERT  ... WH_RAW.RAW_HOLDING_FEED ...
7a810dc2ccfa1,ETL_LOADER,11,63162,42966,286,16027,2026-05-02T17:39:00,MERGE  ... WH_RAW.RAW_FEE_FEED ...
575307a5aae9b,ETL_LOADER,11,46981,10989,77,7183,2026-05-06T00:43:00,MERGE  ... WH_RAW.RAW_FUND_PRICES ...
1f6d3aa9e91f5,ETL_LOADER,11,87967,22165,1958,3135,2026-05-03T16:40:00,INSERT  ... WH_RAW.RAW_FUND_PRICES ...
eb9ed6f95ccdc,ETL_LOADER,11,70136,24090,1617,5456,2026-05-06T18:31:00,MERGE  ... WH_STG.STG_MEMBER_MLC_ORPHAN ...
88a0b2d97c39b,ETL_LOADER,11,63129,1793,1089,10593,2026-05-01T04:24:00,INSERT  ... WH_STG.STG_PORTFOLIO_REBALANCE_TEMP ...
8eeb8ade78639,ETL_LOADER,10,38870,5710,10,10190,2026-05-03T15:58:00,INSERT  ... WH_STG.STG_ADVISER ...
741ef07d1f948,ETL_LOADER,10,32640,30440,2180,13450,2026-05-03T17:25:00,INSERT  ... WH_RAW.RAW_MEMBER_PNDL ...
cf2dffd4f2dec,ETL_LOADER,10,13490,15650,790,3700,2026-05-02T20:12:00,INSERT  ... WH_RAW.RAW_ACCOUNT_IOOF ...
9b566209c3748,ETL_LOADER,10,71070,18720,110,8420,2026-05-05T01:48:00,INSERT  ... WH_RAW.RAW_ACCOUNT_PNDL ...
0c12057466871,ETL_LOADER,10,21980,2750,610,8600,2026-05-03T12:46:00,INSERT  ... WH_RAW.RAW_PENDAL_AUDIT_FEED ...
6bec119f110ec,ETL_LOADER,10,64070,16640,950,5200,2026-05-06T11:07:00,INSERT  ... WH_STG.STG_PORTFOLIO_REBALANCE_TEMP ...
3a3a4e6b68bb1,ETL_LOADER,9,16452,24480,1989,1665,2026-05-03T16:37:00,MERGE  ... WH_RAW.RAW_MEMBER_MLC ...
97f85e51e5825,ETL_LOADER,9,54666,26847,2160,1566,2026-05-05T11:48:00,INSERT  ... WH_RAW.RAW_ACCOUNT_MLC ...
c10aea20dda69,ETL_LOADER,9,33615,30528,1800,8649,2026-05-04T05:42:00,INSERT  ... WH_RAW.RAW_TRANSACTION_FEED ...
ee4062e9e95b4,ETL_LOADER,9,37917,25722,1314,8127,2026-05-04T18:02:00,INSERT  ... WH_RAW.RAW_TRANSACTION_FEED ...
91e129063a09d,ETL_LOADER,9,52866,16074,423,12249,2026-05-04T05:19:00,INSERT  ... WH_STG.STG_MEMBER_MLC_ORPHAN ...
f0d63e1be049e,ETL_LOADER,8,23440,25784,280,4192,2026-05-03T12:42:00,MERGE  ... WH_STG.STG_ADVISER ...
50fab21f458d0,ETL_LOADER,8,21112,4872,776,8728,2026-05-02T01:25:00,MERGE  ... WH_STG.STG_PRODUCT ...
63ee0131bcfc4,ETL_LOADER,8,39072,30424,1656,9368,2026-05-06T11:48:00,INSERT  ... WH_RAW.RAW_MEMBER_MLC ...
99ee7adb5555c,ETL_LOADER,8,49248,16224,1024,2472,2026-05-03T07:13:00,MERGE  ... WH_RAW.RAW_MEMBER_IOOF ...
2d585fcc2a019,ETL_LOADER,8,38392,17808,1064,9992,2026-05-01T23:28:00,MERGE  ... WH_RAW.RAW_MEMBER_ANZW ...
c3efb64d5a712,ETL_LOADER,8,34032,30712,576,6352,2026-05-02T19:38:00,INSERT  ... WH_RAW.RAW_MEMBER_ANZW ...
a61a1eb830341,ETL_LOADER,8,46224,12976,1312,5384,2026-05-03T10:28:00,INSERT  ... WH_RAW.RAW_ACCOUNT_MLC ...
e36a8ed254a20,ETL_LOADER,8,66808,8832,104,10512,2026-05-05T09:13:00,INSERT  ... WH_RAW.RAW_HOLDING_FEED ...
6d1b73f728bf2,ETL_LOADER,8,61456,5424,280,632,2026-05-03T03:27:00,INSERT  ... WH_RAW.RAW_FUND_PRICES ...
e49f82dbc657e,ETL_LOADER,8,23728,28000,304,8992,2026-05-04T01:07:00,MERGE  ... WH_RAW.RAW_PENDAL_AUDIT_FEED ...
745ebfaddb1a6,ETL_LOADER,8,37728,688,1256,5784,2026-05-03T15:28:00,INSERT  ... WH_STG.STG_MEMBER_MLC_ORPHAN ...
1bcf4528a41cb,ETL_LOADER,7,14329,23807,1610,4928,2026-05-01T19:59:00,INSERT  ... WH_RAW.RAW_MEMBER_IOOF ...
a346c0de2ed0a,ETL_LOADER,7,12173,10010,168,8001,2026-05-03T03:38:00,MERGE  ... WH_RAW.RAW_MEMBER_PNDL ...
2310c523de3d1,ETL_LOADER,7,26187,19369,1246,9499,2026-05-02T23:29:00,MERGE  ... WH_RAW.RAW_ACCOUNT_MLC ...
e7020974e6476,ETL_LOADER,7,13755,19082,1197,6076,2026-04-30T23:16:00,MERGE  ... WH_RAW.RAW_ACCOUNT_IOOF ...
5e07e1d0b86d4,ETL_LOADER,7,27993,27727,1372,6972,2026-05-04T12:31:00,INSERT  ... WH_RAW.RAW_ACCOUNT_IOOF ...
bf2de542476e4,ETL_LOADER,7,16282,4998,133,4242,2026-05-04T09:09:00,MERGE  ... WH_RAW.RAW_ACCOUNT_ANZW ...
b867822119ac5,ETL_LOADER,7,17241,5208,322,9933,2026-05-02T16:08:00,MERGE  ... WH_RAW.RAW_ACCOUNT_PNDL ...
df026a23750c5,ETL_LOADER,7,47180,21189,420,6370,2026-05-02T19:32:00,INSERT  ... WH_RAW.RAW_ACCOUNT_PNDL ...
6080ab85547fe,ETL_LOADER,7,34160,26516,917,2114,2026-05-03T20:31:00,INSERT  ... WH_RAW.RAW_FEE_FEED ...
65096b060e26e,ETL_LOADER,7,29078,2499,938,7805,2026-05-01T00:04:00,MERGE  ... WH_STG.STG_PORTFOLIO_REBALANCE_TEMP ...
3e2d28b12c0a6,ETL_LOADER,6,31788,14208,1278,8214,2026-05-04T08:10:00,INSERT  ... WH_STG.STG_PRODUCT ...
c8a133d3b919e,ETL_LOADER,6,45090,13740,1278,6474,2026-05-01T04:23:00,INSERT  ... WH_RAW.RAW_ACCOUNT_ANZW ...
5f5b29560ab66,ETL_LOADER,4,7804,15824,932,1820,2026-05-01T23:33:00,MERGE  ... WH_RAW.RAW_ADVISER_MLC ...
94674a8e9305e,ETL_LOADER,4,16252,15564,24,3400,2026-05-01T19:49:00,MERGE  ... WH_RAW.RAW_ADVISER_IOOF ...
360f448a23d06,ETL_LOADER,4,17788,8544,380,1932,2026-05-06T08:28:00,MERGE  ... WH_RAW.RAW_PRODUCT_CATALOG ...
3a0ef339365e7,ETL_LOADER,4,19496,10400,4,652,2026-05-01T14:55:00,MERGE  ... WH_RAW.RAW_MEMBER_ADVISER_LINK ...
593aa190102a8,ETL_LOADER,2,3428,1068,428,2048,2026-05-01T18:11:00,MERGE  ... WH_RAW.RAW_TAX_FILING_TEMP ...
